cycle_norm,setting1,setting2,s2,s3,s4,s6,s7,s8,s9,s11,s12,s13,s14,s15,s17,s20,s21,MAs2,MAs3,MAs4,MAs6,MAs7,MAs8,MAs9,MAs11,MAs12,MAs13,MAs14,MAs15,MAs17,MAs20,MAs21,STDs2,STDs3,STDs4,STDs6,STDs7,STDs8,STDs9,STDs11,STDs12,STDs13,STDs14,STDs15,STDs17,STDs20,STDs21
"0,083102493","0,465517241","0,833333333","0,412650602","0,221931546","0,281228899",1,"0,735909823","0,272727273","0,155568518","0,226190476","0,66098081","0,264705882","0,155692022","0,298191612","0,416666667","0,519379845","0,636564485","0,318072289","0,347896228","0,298244429",1,"0,686956522","0,275757576","0,128304765","0,260714286","0,689552239","0,270588235","0,165610486","0,389765294","0,333333333","0,607751938","0,661833748","0,118634174","0,102111679","0,023002845",0,"0,054472631","0,012676667","0,023336628","0,090605328","0,055776393","0,042367236","0,017044799","0,081469953","0,058925565","0,096136533","0,034572317"
"0,132963989","0,603448276","0,416666667","0,403614458","0,339001526","0,482444294",1,"0,590982287","0,303030303","0,10338329","0,488095238","0,650319829","0,308823529","0,139126845","0,483262793","0,25","0,519379845","0,507594587","0,440361446","0,377196425","0,414044564",1,"0,627697262","0,315151515","0,11353316","0,39047619","0,619616205","0,326470588","0,143110744","0,451558292","0,35","0,590697674","0,524910246","0,050553979","0,034001959","0,076562766",0,"0,057605306","0,067249518","0,013662841","0,058563685","0,096003301","0,012303824","0,007070193","0,043975609","0,091287093","0,054097198","0,038415438"
"0,346260388","0,408045977","0,833333333","0,503012048","0,407891868","0,618501013",1,"0,441223833","0,393939394","0,123530468","0,613095238","0,456289979","0,382352941","0,162658685","0,334744132","0,583333333","0,612403101","0,524440762","0,501204819","0,47089601","0,52498312",1,"0,459259259","0,403030303","0,115211343","0,50952381","0,43326226","0,432352941","0,153400764","0,514736437","0,516666667","0,423255814","0,483181442","0,086556434","0,091675422","0,05668426",0,"0,047118994","0,043651092","0,007218802","0,066629454","0,089175775","0,043624697","0,01537357","0,118985358","0,069721669","0,111342227","0,026189548"
"0,290858726","0,568965517","0,833333333","0,472891566","0,512099411","0,415766374",1,"0,449275362","0,348484848","0,132684196","0,476190476","0,680170576","0,338235294","0,173908556","0,532897268","0,583333333","0,341085271","0,502485501","0,474698795","0,455155875","0,480857529",1,"0,578743961","0,327272727","0,148389123","0,471428571","0,585074627","0,344117647","0,177458974","0,48834167","0,466666667","0,479069767","0,493454847","0,032060986","0,061447817","0,089164495",0,"0,095168946","0,088087526","0,020357198","0,02772813","0,077460665","0,039733106","0,003214742","0,081757644","0,111803399","0,097963151","0,029143875"
"0,268698061","0,425287356","0,166666667","0,319277108","0,412034009","0,626434841",1,"0,55394525","0,303030303","0,144754554","0,363095238","0,492537313","0,397058824","0,133140675","0,428241631","0,5","0,472868217","0,714581607","0,44939759","0,447525616","0,498750844",1,"0,532689211","0,336363636","0,141793054","0,408333333","0,50575693","0,373529412","0,148921457","0,429857638","0,45","0,519379845","0,548108257","0,078179914","0,032627415","0,089630978",0,"0,073135197","0,059071481","0,014415853","0,094734532","0,055486283","0,033855484","0,009926765","0,037042743","0,045643546","0,071258823","0,139602477"
"0,288088643","0,936781609","0,25","0,554216867","0,346631785","0,375422012",1,"0,624798712","0,363636364","0,153010859","0,392857143","0,611940299","0,397058824","0,201671999","0,462870335","0,416666667","0,596899225","0,597486882","0,414457831","0,390102463","0,401654288",1,"0,55394525","0,372727273","0,137898232","0,396428571","0,573987207","0,347058824","0,169253793","0,476490958","0,4","0,491472868","0,53902237","0,154359756","0,040563617","0,028915588",0,"0,050985959","0,039510318","0,010139178","0,041581546","0,043863167","0,042367236","0,022167581","0,028809246","0,0372678","0,118910787","0,099135978"
"0,440443213","0,591954023","0,416666667","0,268072289","0,40440375","0,528696826",1,"0,574879227","0,212121212","0,221035628","0,279761905","0,773987207","0,279411765","0,254154195","0,299730666","0,416666667","0,596899225","0,52761668","0,303012048","0,348419446","0,424071573",1,"0,648309179","0,193939394","0,206865297","0,297619048","0,746695096","0,255882353","0,237011043","0,381685264","0,416666667","0,63255814","0,604501519","0,093242232","0,07029605","0,098122783",0,"0,072531727","0,032847702","0,035764676","0,053405829","0,069605674","0,04719649","0,014139153","0,064325716","0,0000000102","0,076268985","0,087951507"
"0,457063712","0,591954023","0,083333333","0,415662651","0,454981469","0,534098582",1,"0,589371981","0,363636364","0,126671453","0,44047619","0,392324094","0,352941176","0,143977707","0,575221239","0,416666667","0,457364341","0,486467827","0,506024096","0,466448659","0,471404456",1,"0,536876006","0,348484848","0,123252266","0,414285714","0,469509595","0,347058824","0,154298689","0,496344748","0,4","0,496124031","0,549268158","0,07863119","0,083198695","0,072994451",0,"0,054257992","0,040087141","0,014186772","0,029939944","0,044173012","0,033855484","0,010410899","0,070416953","0,0372678","0,0421038","0,050313014"
"0,149584488","0,482758621","0,833333333","0,319277108","0,492042729","0,472991222",1,"0,439613527","0,348484848","0,160818451","0,43452381","0,631130064","0,411764706","0,179688306","0,401692959","0,333333333","0,496124031","0,631455399","0,403614458","0,382385001","0,42673869",1,"0,547826087","0,354545455","0,137790541","0,436904762","0,605117271","0,385294118","0,173258334","0,455636783","0,4","0,506976744","0,614277824","0,103839242","0,079419206","0,043565883",0,"0,084102073","0,008298827","0,01893819","0,054974999","0,077075279","0,056383204","0,020175231","0,052039441","0,069721669","0,011756396","0,066181187"
"0,529085873","0,396551724","0,833333333","0,539156627","0,402441683","0,282579338",1,"0,487922705","0,318181818","0,175670825","0,44047619","0,667377399","0,294117647","0,216585819","0,363601385","0,416666667","0,503875969","0,554266777","0,478313253","0,407325049","0,361377448",1,"0,599677939","0,293939394","0,17910796","0,348809524","0,608955224","0,258823529","0,207782021","0,404771066","0,4","0,56124031","0,531759183","0,070811965","0,090006783","0,105948244",0,"0,079450283","0,04979296","0,011831529","0,106362902","0,034433483","0,024607648","0,015802676","0,117312137","0,069721669","0,068155363","0,077134815"
"0,227146814","0,505747126","0,833333333","0,364457831","0,363854371","0,539669142",1,"0,475040258","0,46969697","0,069011936","0,488095238","0,437100213","0,441176471","0,087263908","0,535205848","0,5","0,403100775","0,547638774","0,478915663","0,465184216","0,562255233",1,"0,538164251","0,445454545","0,061985103","0,44047619","0,461407249","0,402941176","0,0907524","0,477722201","0,383333333","0,451162791","0,511654239","0,09498703","0,128761331","0,082682889",0,"0,066515578","0,063020104","0,016293802","0,072291415","0,069002164","0,060276181","0,007146545","0,050955804","0,111803399","0,074434753","0,061393455"
"0,59833795","0,574712644","0,75","0,415662651","0,541966427","0,462356516",1,"0,565217391","0,212121212","0,235618774","0,30952381","0,712153518","0,205882353","0,287955413","0,474413236","0,416666667","0,519379845","0,541148854","0,372289157","0,366121648","0,424476705",1,"0,636392915","0,221212121","0,215381854","0,330952381","0,666950959","0,258823529","0,258581897","0,40661793","0,366666667","0,499224806","0,597100249","0,083542945","0,110657994","0,039224271",0,"0,048835034","0,047431745","0,020028253","0,027471383","0,063866305","0,059372439","0,016957354","0,08075009","0,045643546","0,03860434","0,056351513"
"0,537396122","0,683908046","0,166666667","0,34939759","0,441901025","0,544564483",1,"0,552334944","0,303030303","0,17585031","0,398809524","0,556503198","0,352941176","0,241820621","0,418237784","0,5","0,472868217","0,535487434","0,388554217","0,425724875","0,472991222",1,"0,588083736","0,263636364","0,179359239","0,373809524","0,637953092","0,305882353","0,237723191","0,381993074","0,45","0,556589147","0,572935653","0,03313253","0,066808406","0,057923563",0,"0,070765573","0,054207709","0,00834794","0,035315231","0,072076431","0,065271591","0,017548539","0,08064598","0,095014619","0,076622721","0,061528157"
"0,12465374","0,574712644","0,333333333","0,512048193","0,443645084","0,440580689",1,"0,628019324","0,409090909","0,070088845","0,428571429","0,420042644","0,323529412","0,093714522","0,378607157","0,416666667","0,426356589","0,505523336","0,461445783","0,491388707","0,486090479",1,"0,553301127","0,412121212","0,067333752","0,472619048","0,501918977","0,402941176","0,095489731","0,429780685","0,416666667","0,51627907","0,52695388","0,049830967","0,086344284","0,073365145",0,"0,051272506","0,055048188","0,022122185","0,074178227","0,066177131","0,069445406","0,016924075","0,069205551","0,058925565","0,054429425","0,045805971"
"0,207756233","0,431034483","0,5","0,385542169","0,396119468","0,309925726",1,"0,68115942","0,303030303","0,154222382","0,238095238","0,731343284","0,338235294","0,205439158","0,314736437","0,333333333","0,798449612","0,710162938","0,38253012","0,467843907","0,344767049",1,"0,710466989","0,254545455","0,156412097","0,292857143","0,675053305","0,279411765","0,175983074","0,34905733","0,383333333","0,682170543","0,665147749","0,09939759","0,104825867","0,088833356",0,"0,048314546","0,055048188","0,019945936","0,067527394","0,067436076","0,057897117","0,020851814","0,022917496","0,074535599","0,069335441","0,098123537"
"0,310249307","0,471264368","0,666666667","0,536144578","0,348593852","0,316509115",1,"0,76489533","0,272727273","0,170600377","0,30952381","0,656716418","0,294117647","0,244916916","0,404001539","0,25","0,519379845","0,565865783","0,386746988","0,349596686","0,316407833",1,"0,700805153","0,23030303","0,181252804","0,29047619","0,633688699","0,255882353","0,232449169","0,374913428","0,316666667","0,601550388","0,5998343","0,090777156","0,085413652","0,031828693",0,"0,038300239","0,047189126","0,011968114","0,035063515","0,046796727","0,026714562","0,028820514","0,034171017","0,091287093","0,066819727","0,102204061"
"0,454293629","0,551724138","0,416666667","0,509036145","0,613254851","0,511309926",1,"0,586151369","0,242424242","0,327515032","0,416666667","0,603411514","0,220588235","0,371761792","0,411696806","0,5","0,434108527","0,55316211","0,485542169","0,472596468","0,499797434",1,"0,577455717","0,236363636","0,326321457","0,386904762","0,634541578","0,223529412","0,360666735","0,457714506","0,45","0,513178295","0,531510632","0,079389043","0,133275779","0,075738605",0,"0,064115662","0,025353334","0,003434569","0,046489581","0,086236726","0,026306682","0,014549703","0,108946345","0,095014619","0,083202529","0,050665358"
"0,36565097","0,540229885","0,583333333","0,539156627","0,641159799","0,623396354",1,"0,565217391","0,363636364","0,154177511","0,505952381","0,50533049","0,455882353","0,190215709","0,44978838","0,583333333","0,441860465","0,510218172","0,521686747","0,568083715","0,543821742",1,"0,561030596","0,384848485","0,158126178","0,463095238","0,524093817","0,367647059","0,180792651","0,490958061","0,45","0,401550388","0,47986744","0,082801199","0,089105233","0,079639998",0,"0,077976063","0,043651092","0,029880813","0,058835304","0,041465597","0,051993146","0,008803562","0,086940772","0,095014619","0,057332906","0,069669159"
"0,371191136","0,522988506","0,75","0,475903614","0,388925223","0,406313302",1,"0,647342995","0,303030303","0,151709593","0,297619048","0,594882729","0,264705882","0,207761379","0,58445556","0,416666667","0,534883721","0,601353217","0,378915663","0,371528232","0,365530047","0,8","0,667954911","0,257575758","0,176649017","0,371428571","0,635820896","0,273529412","0,214934462","0,378222393","0,4","0,578294574","0,597293565","0,074920726","0,076699953","0,069041044","0,447213595","0,070204538","0,046700106","0,019007832","0,04221577","0,050981341","0,028667042","0,01835536","0,141304315","0,069721669","0,026628781","0,044569678"
"0,506925208","0,465517241","0,166666667","0,765060241","0,524961849","0,630486158",1,"0,376811594","0,363636364","0,200843579","0,761904762","0,415778252","0,485294118","0,200846321","0,554444017","0,583333333","0,162790698","0,179508423","0,689156627","0,604883366","0,661917623",1,"0,311755233","0,451515152","0,182401508","0,689285714","0,375692964","0,502941176","0,207338219","0,667949211","0,616666667","0,306976744","0,314747307","0,080748737","0,144488728","0,032205782",0,"0,069687374","0,073761585","0,013717683","0,056059927","0,049808577","0,019174125","0,016326876","0,141386273","0,095014619","0,091983857","0,092980056"
"0,407202216","0,798850575","0,916666667","0,436746988","0,463919773","0,363268062",1,"0,645732689","0,242424242","0,293996231","0,363095238","0,710021322","0,279411765","0,353854887","0,446710273","0,333333333","0,465116279","0,83402375","0,362650602","0,448790059","0,377346388",1,"0,658293076","0,2","0,281575877","0,31547619","0,680170576","0,229411765","0,333388379","0,393151212","0,433333333","0,553488372","0,651090859","0,073705995","0,042712098","0,054117112",0,"0,02334666","0,045956821","0,018806165","0,045136163","0,052812222","0,041071294","0,018266229","0,110957177","0,108653373","0,082331275","0,122919181"
"0,105263158","0,5","0,083333333","0,388554217","0,269893176","0,471134369",1,"0,674718196","0,287878788","0,151126268","0,303571429","0,656716418","0,338235294","0,171225101","0,343978453","0,333333333","0,643410853","0,568351284","0,428313253","0,416132549","0,42673869",1,"0,60257649","0,287878788","0,115040833","0,38452381","0,647334755","0,317647059","0,143998349","0,351904579","0,383333333","0,603100775","0,585887876","0,070426556","0,082479353","0,052481619",0,"0,0542317","0,026243194","0,021760099","0,072487195","0,086565589","0,038348249","0,019327766","0,049268195","0,074535599","0,095948828","0,08743542"
"0,35734072","0,465517241","0,75","0,246987952","0,386527142","0,351282917",1,"0,692431562","0,227272727","0,131786772","0,220238095","0,669509595","0,294117647","0,173702136","0,384763371","0,333333333","0,643410853","0,534797017","0,393975904","0,332025289","0,273396354",1,"0,690821256","0,221212121","0,134514942","0,235714286","0,704477612","0,252941176","0,171276706","0,267949211","0,3","0,624806202","0,692267329","0,092822901","0,092451466","0,052411884",0,"0,040864984","0,061171604","0,018812213","0,052838907","0,068473049","0,035109813","0,011500141","0,10104878","0,074535599","0,061186317","0,103541128"
"0,512465374","0,477011494","0,666666667","0,623493976","0,496620885","0,555030385",1,"0,632850242","0,272727273","0,569101678","0,505952381","0,426439232","0,279411765","0,574207865","0,590996537","0,416666667","0,449612403","0,435100801","0,56746988","0,485807717","0,539635381",1,"0,534621578","0,281818182","0,556196715","0,507142857","0,550533049","0,305882353","0,581081639","0,538283955","0,516666667","0,36124031","0,517039492","0,06559768","0,142254689","0,047178377",0,"0,085247413","0,025353334","0,010211264","0,045410074","0,083909437","0,06009652","0,020405499","0,069677236","0,069721669","0,050118542","0,067579702"
"0,130193906","0,609195402","0,166666667","0,515060241","0,284281666","0,351958136",1,"0,595813205","0,272727273","0,109799874","0,31547619","0,652452026","0,279411765","0,166374239","0,451327434","0,5","0,589147287","0,681303507","0,429518072","0,358665795","0,362626604",1,"0,643478261","0,251515152","0,127200933","0,276190476","0,681449893","0,291176471","0,168149448","0,34043863","0,383333333","0,618604651","0,598812483","0,067707467","0,088486225","0,077459491",0,"0,070363184","0,034881407","0,015311918","0,039618003","0,094403572","0,021812348","0,016036662","0,103510787","0,074535599","0,051244942","0,097780873"
"0,207756233","0,385057471","0,75","0,331325301","0,216699368","0,340141796",1,"0,740740741","0,181818182","0,234586736","0,327380952","0,690831557","0,147058824","0,266797399","0,416313967","0,333333333","0,581395349","0,651477492","0,331325301","0,343710486","0,294463201",1,"0,676006441","0,2","0,196580813","0,302380952","0,719829424","0,197058824","0,264629993","0,266333205","0,333333333","0,596899225","0,702236951","0,070478066","0,088387233","0,094195503",0,"0,077749601","0,049561901","0,026230538","0,047693394","0,035345613","0,062044186","0,018123282","0,092583933","0,058925565","0,059037001","0,090428742"
"0,385041551","0,718390805","0,916666667","0,406626506","0,338347504","0,42049291",1,"0,555555556","0,242424242","0,124383021","0,351190476","0,628997868","0,382352941","0,124935494","0,442862639","0,333333333","0,589147287","0,401546534","0,390361446","0,355264879","0,372856178",1,"0,612560386","0,278787879","0,124885578","0,319047619","0,63326226","0,302941176","0,16071834","0,408849558","0,366666667","0,56744186","0,55249931","0,063880991","0,090189959","0,037412733",0,"0,033885368","0,048626686","0,012957275","0,025808909","0,050546992","0,053631125","0,024389139","0,084227417","0,095014619","0,085165544","0,129741808"
"0,434903047","0,488505747","0,5","0,496987952","0,431000654","0,388757596",1,"0,549114332","0,303030303","0,19792695","0,44047619","0,626865672","0,338235294","0,179017442","0,505963832","0,416666667","0,558139535","0,536315935","0,448192771","0,42293438","0,42640108",1,"0,57294686","0,284848485","0,191268061","0,416666667","0,643070362","0,329411765","0,193600991","0,445863794","0,45","0,544186047","0,597983982","0,073236761","0,05227975","0,045198112",0,"0,079268936","0,042043748","0,018749663","0,060410069","0,070565708","0,028667042","0,009118648","0,045379573","0,045643546","0,066323255","0,068942666"
"0,470914127","0,488505747","0,416666667","0,397590361","0,320034881","0,398885888",1,"0,55394525","0,272727273","0,235035448","0,244047619","0,614072495","0,279411765","0,244246052","0,366679492","0,416666667","0,651162791","0,418806959","0,425903614","0,359450621","0,430621202",1,"0,625764895","0,233333333","0,217392085","0,303571429","0,589765458","0,294117647","0,250820518","0,349749904","0,45","0,584496124","0,577078155","0,077544887","0,141386202","0,057451836",0,"0,077767942","0,042315879","0,015106994","0,067211844","0,062811184","0,040273717","0,020327476","0,083736656","0,045643546","0,06288155","0,159763075"
"0,393351801","0,293103448","0,5","0,40060241","0,614344888","0,44513842",1,"0,508856683","0,333333333","0,161446648","0,452380952","0,560767591","0,367647059","0,18319744","0,607926125","0,416666667","0,496124031","0,584507042","0,451807229","0,48794419","0,477177583",1,"0,581320451","0,33030303","0,13002782","0,420238095","0,517697228","0,382352941","0,160955723","0,515044248","0,483333333","0,491472868","0,496989782","0,047624664","0,107087407","0,058351253",0,"0,067200134","0,031051366","0,021368747","0,044662694","0,034095143","0,025471335","0,017438872","0,116279921","0,123603308","0,035776685","0,052124372"
"0,540166205","0,471264368","0,583333333","0,63253012","0,591890124","0,648379473",1,"0,262479871","0,424242424","0,310733196","0,553571429","0,18336887","0,5","0,298792445","0,679492112","0,583333333","0,302325581","0,298674399","0,705421687","0,58853281","0,760668467",1,"0,290177134","0,442424242","0,294759042","0,68452381","0,269936034","0,467647059","0,293002374","0,64401693","0,6","0,305426357","0,30706987","0,074617377","0,081256776","0,079825372",0,"0,028132004","0,039218725","0,01967113","0,093643647","0,067839365","0,021812348","0,018435973","0,086632615","0,069721669","0,072843473","0,054682457"
"0,398891967","0,310344828","0,416666667","0,527108434","0,356006104","0,404625253",1,"0,642512077","0,227272727","0,374225971","0,375","0,769722814","0,25","0,381669935","0,435167372","0,5","0,542635659","0,623308478","0,415060241","0,44883366","0,456076975",1,"0,646698873","0,193939394","0,350130127","0,36547619","0,653304904","0,226470588","0,382093095","0,446633321","0,433333333","0,520930233","0,539409003","0,084910915","0,083187812","0,034730631",0,"0,034190099","0,032847702","0,016772505","0,024757898","0,075227555","0,016767286","0,012866627","0,078228364","0,069721669","0,098269383","0,063358513"
"0,135734072","0,528735632","0,916666667","0,364457831","0,181382167","0,578663065",1,"0,59742351","0,363636364","0,169747824","0,452380952","0,481876333","0,338235294","0,177159666","0,467102732","0,333333333","0,457364341","0,538663353","0,422289157","0,371789841","0,462288994",1,"0,554911433","0,342424242","0,166427353","0,444047619","0,585927505","0,335294118","0,192073485","0,494728742","0,433333333","0,479069767","0,556338028","0,082471838","0,12654289","0,076831399",0,"0,037378528","0,025353334","0,02045766","0,041794023","0,074495773","0,04580121","0,01763922","0,095472268","0,108653373","0,088961721","0,056663597"
"0,559556787","0,436781609","0,416666667","0,762048193","0,639633748","0,763673194",1,"0,309178744","0,590909091","0,065242753","0,761904762","0,159914712","0,544117647","0,114408092","0,734513274","0,75","0,372093023","0,234603701","0,668674699","0,636102027","0,761512492",1,"0,302415459","0,542424242","0,099569236","0,752380952","0,237953092","0,561764706","0,127742801","0,662562524","0,65","0,268217054","0,336481635","0,06626506","0,024494275","0,06425918",0,"0,030604287","0,044690549","0,023750083","0,032219925","0,048938431","0,035109813","0,010855115","0,065836712","0,108653373","0,07782884","0,074610118"
"0,545706371","0,229885057","0,25","0,659638554","0,675386963","0,779372046",1,"0,307568438","0,545454545","0,260926142","0,744047619","0,23880597","0,5","0,278202085","0,727972297","0,583333333","0,379844961","0,30640707","0,66626506","0,622890778","0,73993923",1,"0,332689211","0,490909091","0,269577313","0,710714286","0,285714286","0,473529412","0,27910001","0,708657176","0,633333333","0,347286822","0,285611709","0,010520632","0,048852246","0,065390764",0,"0,022272342","0,038030001","0,012866285","0,095479604","0,064514351","0,026306682","0,024561651","0,074776066","0,111803399","0,091130617","0,100681248"
"0,346260388","0,396551724","0,333333333","0,521084337","0,613690865","0,620020257",1,"0,397745572","0,393939394","0,155119806","0,648809524","0,281449893","0,5","0,191041387","0,773374375","0,5","0,310077519","0,357912179","0,625903614","0,649923697","0,68507765",1,"0,323993559","0,406060606","0,191007808","0,629761905","0,307462687","0,470588235","0,198647951","0,663409003","0,55","0,351937984","0,390720795","0,108337474","0,044539293","0,039584758",0,"0,046953606","0,051826156","0,023100212","0,056217709","0,049304011","0,034488351","0,015562394","0,092373424","0,045643546","0,096604202","0,113137277"
"0,332409972","0,465517241","0,666666667","0,641566265","0,482014388","0,525489534",1,"0,436392915","0,424242424","0,089652697","0,5","0,426439232","0,397058824","0,098720198","0,652173913","0,5","0,480620155","0,442281138","0,581927711","0,369478962","0,512221472",1,"0,498228663","0,439393939","0,093601364","0,514285714","0,4891258","0,438235294","0,109939106","0,567679877","0,483333333","0,379844961","0,477658105","0,090946899","0,096728909","0,022842548",0,"0,083771515","0,023956649","0,0194655","0,022899267","0,036856785","0,031881593","0,01370519","0,052652586","0,069721669","0,134602755","0,106007204"
"0,343490305","0,413793103","0,25","0,551204819","0,374754742","0,382511816",1,"0,52173913","0,363636364","0,28919501","0,601190476","0,473347548","0,397058824","0,31386108","0,556367834","0,416666667","0,496124031","0,386219276","0,537349398","0,444429911","0,526637407",1,"0,463768116","0,360606061","0,256824913","0,566666667","0,482302772","0,338235294","0,293621633","0,60546364","0,516666667","0,485271318","0,403949185","0,082367265","0,052562532","0,083586144",0,"0,047305735","0,03455077","0,023560715","0,078223436","0,017413661","0,057897117","0,018096019","0,069520151","0,108653373","0,140457758","0,041854148"
"0,099722992","0,522988506","0,75","0,265060241","0,229779813","0,336259284",1,"0,67310789","0,181818182","0,18029256","0,208333333","0,692963753","0,176470588","0,244452472","0,252020008","0,416666667","0,527131783","0,65990058","0,180722892","0,303684325","0,276941256",1,"0,699194847","0,163636364","0,16665171","0,21547619","0,71684435","0,208823529","0,225513469","0,309195845","0,3","0,643410853","0,658740679","0,096503129","0,116872816","0,058804161",0,"0,017507218","0,03455077","0,015275306","0,047320493","0,024792225","0,058269449","0,019196056","0,103901998","0,095014619","0,088045091","0,054456582"
"0,36565097","0,293103448","0,083333333","0,59939759","0,700021801","0,645340986",1,"0,438003221","0,409090909","0,200664094","0,589285714","0,36673774","0,426470588","0,222571989","0,558291651","0,666666667","0,341085271","0,271195802","0,590361446","0,526749509","0,619918974",1,"0,419645733","0,436363636","0,222803554","0,601190476","0,406396588","0,438235294","0,236412426","0,570911889","0,566666667","0,384496124","0,389560895","0,026940578","0,122461907","0,039350292",0,"0,046400848","0,056081077","0,019169456","0,043537913","0,047019639","0,048104198","0,011958507","0,016496435","0,069721669","0,079923947","0,116309323"
"0,337950139","0,396551724","0,583333333","0,40060241","0,505777196","0,582545577",1,"0,510466989","0,439393939","0,067979898","0,470238095","0,409381663","0,470588235","0,081948602","0,494036168","0,583333333","0,542635659","0,383319525","0,498192771","0,489688249","0,551519244",1,"0,444766506","0,436363636","0,066902988","0,548809524","0,441791045","0,461764706","0,080627516","0,548595614","0,533333333","0,440310078","0,455067661","0,065735839","0,05346549","0,05831425",0,"0,088620976","0,012676667","0,022368359","0,062343909","0,019796152","0,030494767","0,008080215","0,11417473","0,074535599","0,099484882","0,09848951"
"0,429362881","0,477011494","0,5","0,63253012","0,621539132","0,723666442",1,"0,175523349","0,560606061","0,023153549","0,619047619","0,39445629","0,573529412","0,095520694","0,593689881","0,583333333","0,286821705","0,275890638","0,654819277","0,543579682","0,653207292",1,"0,309500805","0,551515152","0,062864579","0,628571429","0,32750533","0,535294118","0,073072557","0,581531358","0,6","0,308527132","0,359431096","0,122453744","0,078141381","0,115097847",0,"0,075180769","0,033195307","0,026610184","0,048100247","0,079029442","0,042367236","0,019102568","0,028396475","0,069721669","0,028164189","0,075008018"
"0,473684211","0,327586207","0,75","0,469879518","0,504687159","0,610229575",1,"0,38647343","0,348484848","0,139998205","0,446428571","0,462686567","0,411764706","0,18330065","0,464409388","0,5","0,379844961","0,474592654","0,55060241","0,452583388","0,512795409",1,"0,507568438","0,339393939","0,153746747","0,492857143","0,542857143","0,367647059","0,177293838","0,469488265","0,533333333","0,496124031","0,506048053","0,123409463","0,049635601","0,081545014",0,"0,100932919","0,034881407","0,010740852","0,059135639","0,055244046","0,040273717","0,009787848","0,057723098","0,045643546","0,105009436","0,1016574"
"0,146814404","0,505747126","0,666666667","0,385542169","0,245476346","0,557731263",1,"0,502415459","0,348484848","0,161715875","0,398809524","0,648187633","0,323529412","0,162555475","0,439399769","0,333333333","0,550387597","0,568351284","0,368674699","0,360322651","0,433828494",1,"0,619645733","0,306060606","0,154715965","0,345238095","0,661407249","0,294117647","0,182196305","0,419930743","0,416666667","0,539534884","0,61355979","0,046788657","0,112407231","0,086357505",0,"0,083234283","0,040655781","0,01760505","0,071922893","0,051469466","0,029411765","0,013187433","0,128026102","0,083333333","0,059946093","0,037290394"
"0,418282548","0,752873563","0,666666667","0,463855422","0,600610421","0,474004051",1,"0,539452496","0,378787879","0,204523019","0,428571429","0,441364606","0,397058824","0,209619156","0,556367834","0,5","0,341085271","0,576912455","0,504819277","0,52116852","0,513470628",1,"0,505636071","0,315151515","0,17874899","0,458333333","0,509594883","0,370588235","0,203282072","0,553982301","0,516666667","0,429457364","0,505219553","0,04864248","0,06949986","0,050081077",0,"0,107902516","0,045956821","0,021383069","0,05952381","0,092289864","0,051365439","0,015241867","0,069379888","0,0372678","0,130591974","0,067922396"
"0,40166205","0,471264368","0,25","0,475903614","0,506649226","0,521944632",1,"0,463768116","0,333333333","0,264201741","0,529761905","0,486140725","0,338235294","0,27825369","0,530588688","0,416666667","0,364341085","0,405136703","0,602409639","0,483409636","0,50590817",1,"0,480837359","0,309090909","0,278641299","0,496428571","0,489978678","0,332352941","0,292919806","0,544671027","0,5","0,389147287","0,476663905","0,092715325","0,064506732","0,033543357",0,"0,021229183","0,054207709","0,0110023","0,048649564","0,066465038","0,049434519","0,013571131","0,048575214","0,058925565","0,055738536","0,044457388"
"0,199445983","0,609195402","0,25","0,457831325","0,349901897","0,346725186",1,"0,515297907","0,393939394","0,074441353","0,351190476","0,554371002","0,382352941","0,132263391","0,514428626","0,333333333","0,503875969","0,504418669","0,431325301","0,393852191","0,47778528",1,"0,538486312","0,384848485","0,082625864","0,397619048","0,487420043","0,397058824","0,120879348","0,460484802","0,4","0,493023256","0,529881248","0,093940177","0,04056596","0,091858822",0,"0,075260057","0,020327891","0,016381025","0,069975295","0,049193236","0,0912476","0,018096541","0,058608189","0,069721669","0,063594246","0,043974372"
"0,213296399","0,626436782","0,25","0,469879518","0,442555047","0,345712357",1,"0,640901771","0,303030303","0,145427623","0,505952381","0,712153518","0,397058824","0,192486325","0,487110427","0,416666667","0,511627907","0,593206297","0,398192771","0,437715282","0,394834571",1,"0,615458937","0,275757576","0,165610697","0,416666667","0,636673774","0,335294118","0,187367117","0,408233936","0,4","0,565891473","0,57329467","0,082030632","0,012412455","0,058317499",0,"0,061036756","0,019755159","0,016381357","0,075878267","0,055776393","0,06009652","0,009442529","0,049656094","0,069721669","0,062257281","0,099692458"
"0,836565097","0,183908046","0,583333333","0,602409639","0,795945062","0,726704929",1,"0,346215781","0,46969697","0,137979","0,69047619","0,336886994","0,5","0,167819176","0,738360908","0,666666667","0,325581395","0,30723557","0,648192771","0,605973403","0,677143822",1,"0,367793881","0,490909091","0,138903347","0,636904762","0,395309168","0,494117647","0,149117556","0,656714121","0,633333333","0,389147287","0,310632422","0,091642525","0,130777248","0,073809103",0,"0,081057754","0,04979296","0,019284254","0,035214761","0,043084082","0,022302575","0,016763282","0,065307504","0,045643546","0,07720868","0,113479928"
"0,202216066","0,5","0,833333333","0,436746988","0,251798561","0,259959487",1,"0,536231884","0,227272727","0,202414072","0,386904762","0,686567164","0,264705882","0,217411498","0,565602155","0,416666667","0,651162791","0,547914941","0,38313253","0,3029431","0,354962863",1,"0,661835749","0,215151515","0,188970654","0,388095238","0,728784648","0,276470588","0,223614408","0,464255483","0,383333333","0,598449612","0,542971555","0,047165251","0,098299298","0,062813375",0,"0,072472714","0,012676667","0,019132527","0,084850141","0,066823177","0,031881593","0,013972139","0,062210776","0,095014619","0,045664113","0,079519221"
"0,396121884","0,517241379","0,833333333","0,406626506","0,306082407","0,411039838",1,"0,600644122","0,303030303","0,141972539","0,386904762","0,545842217","0,352941176","0,142790794","0,510965756","0,5","0,488372093","0,575255454","0,43253012","0,423850011","0,362356516",1,"0,567793881","0,33030303","0,157524904","0,383333333","0,570575693","0,320588235","0,160914439","0,513274336","0,383333333","0,558139535","0,553686827","0,106056608","0,114258286","0,038446878",0,"0,042277815","0,02489648","0,022346421","0,042425071","0,069885962","0,035109813","0,010975202","0,017617373","0,074535599","0,145129033","0,09760721"
"0,520775623","0,66091954","0,333333333","0,584337349","0,652278177","0,503038488",1,"0,53784219","0,318181818","0,452615992","0,416666667","0,55010661","0,279411765","0,475178037","0,537129665","0,583333333","0,403100775","0,437448219","0,45060241","0,503379115","0,47049291",1,"0,569726248","0,303030303","0,403051243","0,448809524","0,574840085","0,261764706","0,460305501","0,46648711","0,5","0,491472868","0,499530516","0,088345997","0,085571867","0,037098762",0,"0,025699393","0,023956649","0,029582704","0,060935638","0,059042972","0,040807167","0,021671895","0,049117723","0,083333333","0,081965519","0,073792796"
"0,451523546","0,379310345","0,166666667","0,5","0,691519512","0,606515868",1,"0,52173913","0,272727273","0,36166203","0,535714286","0,488272921","0,25","0,418154608","0,559061177","0,5","0,387596899","0,376829605","0,490963855","0,464791803","0,490445645",1,"0,504669887","0,260606061","0,382141255","0,510714286","0,475906183","0,291176471","0,407379503","0,521893036","0,483333333","0,431007752","0,475117371","0,067787816","0,131453679","0,096457659",0,"0,065029251","0,02489648","0,013171847","0,058533427","0,0575377","0,033534571","0,014335646","0,058537546","0,108653373","0,068594796","0,097771893"
"0,332409972","0,390804598","0,5","0,36746988","0,214737301","0,296927752",1,"0,84057971","0,227272727","0,191600108","0,291666667","0,765458422","0,132352941","0,225513469","0,260484802","0,333333333","0,627906977","0,751587959","0,365662651","0,307128842","0,339669142","0,8","0,714653784","0,178787879","0,183460468","0,253571429","0,740298507","0,164705882","0,235813809","0,363139669","0,35","0,700775194","0,757939796","0,093679057","0,134851233","0,034970607","0,447213595","0,076301999","0,052921967","0,010928864","0,036108931","0,040885939","0,031881593","0,009512719","0,06856317","0,123603308","0,076857641","0,032721979"
"0,310249307","0,16091954","0,666666667","0,298192771","0,319162852","0,293382849",1,"0,566827697","0,287878788","0,154491609","0,386904762","0,68869936","0,235294118","0,184126329","0,395151982","0,416666667","0,612403101","0,620822977","0,372891566","0,364595596","0,380249831",1,"0,636070853","0,254545455","0,16510814","0,326190476","0,735181237","0,291176471","0,208215502","0,387995383","0,4","0,663565891","0,619497376","0,08399781","0,09272181","0,095787322",0,"0,042771739","0,037726968","0,018111183","0,073192505","0,079756678","0,038065233","0,014166907","0,092991663","0,0372678","0,04087264","0,111758986"
"0,373961219","0,33908046","0,083333333","0,635542169","0,600828428","0,584064821",1,"0,257648953","0,5","0,062012025","0,696428571","0,279317697","0,514705882","0,086489834","0,764140054","0,583333333","0,286821705","0,390776029","0,672289157","0,518334423","0,694733288",1,"0,354589372","0,548484848","0,104235843","0,661904762","0,287420043","0,538235294","0,093869336","0,696652559","0,583333333","0,297674419","0,242363988","0,11751621","0,086068018","0,079998688",0,"0,056077041","0,031051366","0,030082581","0,029880715","0,040466814","0,062909558","0,020587159","0,060088164","0,0000000372","0,037818018","0,105484622"
"0,440443213","0,701149425","0,416666667","0,289156627","0,421626335","0,501350439",1,"0,415458937","0,318181818","0,099030782","0,44047619","0,622601279","0,455882353","0,164206832","0,520969604","0,5","0,488372093","0,547914941","0,43313253","0,390538478","0,515226199",1,"0,518196457","0,333333333","0,119976667","0,411904762","0,535181237","0,388235294","0,15924244","0,491265871","0,516666667","0,506976744","0,44708644","0,117052084","0,04335268","0,041177212",0,"0,072404699","0,057695251","0,030137921","0,073071386","0,072963491","0,042367236","0,005671894","0,189572292","0,069721669","0,074475108","0,076954674"
"0,484764543","0,5","0,916666667","0,542168675","0,559843035","0,610567184",1,"0,518518519","0,515151515","0,163286368","0,553571429","0,535181237","0,470588235","0,149034988","0,662177761","0,333333333","0,248062016","0,387323944","0,538554217","0,482406802","0,603207292",1,"0,46763285","0,418181818","0,15388136","0,542857143","0,497228145","0,435294118","0,168376509","0,565448249","0,466666667","0,43255814","0,48011599","0,092480181","0,050156252","0,053138768",0,"0,08034281","0,072347493","0,023527427","0,048247343","0,035531627","0,033855484","0,019635191","0,108846423","0,095014619","0,113982489","0,114437406"
"0,257617729","0,459770115","0,166666667","0,292168675","0,287769784","0,320054018",1,"0,623188406","0,151515152","0,149286548","0,136904762","0,658848614","0,25","0,208741872","0,391689111","0,166666667","0,604651163","0,744959956","0,297590361","0,31410508","0,307967589",1,"0,676328502","0,206060606","0,157839002","0,230952381","0,69466951","0,255882353","0,206337083","0,392304733","0,3","0,631007752","0,732753383","0,083320026","0,052496665","0,073400675",0,"0,06228367","0,054207709","0,014056177","0,076621733","0,034426881","0,013153341","0,01286053","0,04011571","0,074535599","0,034493946","0,097109876"
"0,404432133","0,482758621","0,25","0,496987952","0,466971877","0,346387576",1,"0,557165862","0,333333333","0,145786592","0,404761905","0,63326226","0,279411765","0,186758179","0,475182763","0,5","0,565891473","0,556338028","0,43253012","0,42001308","0,461647535",1,"0,531400966","0,324242424","0,152553172","0,404761905","0,532196162","0,332352941","0,181742182","0,37552905","0,466666667","0,527131783","0,58077879","0,053356629","0,067913875","0,089128839",0,"0,102593046","0,038030001","0,017572093","0,050682698","0,080072412","0,060276181","0,025761201","0,075263787","0,045643546","0,043160964","0,077663659"
"0,43767313","0,683908046","0,666666667","0,626506024","0,700239808","0,538825118",1,"0,465378422","0,393939394","0,197702594","0,571428571","0,486140725","0,426470588","0,24548457","0,567910735","0,583333333","0,387596899","0,32753383","0,525301205","0,568650534","0,615732613",1,"0,428341385","0,36969697","0,203867899","0,538095238","0,431130064","0,444117647","0,233027144","0,598922663","0,533333333","0,384496124","0,457691246","0,10560655","0,11379847","0,073298309",0,"0,035718314","0,059265476","0,006775079","0,04955156","0,101278195","0,026306682","0,010845911","0,023313295","0,045643546","0,066368542","0,097276528"
"0,639889197","0,333333333","0,083333333","0,487951807","0,517549597","0,432309251",1,"0,637681159","0,196969697","0,334155972","0,398809524","0,535181237","0,264705882","0,320672928","0,528280108","0,5","0,472868217","0,521541011","0,441566265","0,533725747","0,493889264",1,"0,58099839","0,251515152","0,318827964","0,407142857","0,576119403","0,264705882","0,346000619","0,483185841","0,5","0,449612403","0,469566418","0,06504211","0,057010376","0,054079688",0,"0,061565516","0,080602643","0,016726153","0,056406465","0,049488085","0,023252042","0,025999593","0,052953841","0,102062073","0,061772781","0,077892907"
"0,426592798","0,390804598","0,25","0,61746988","0,461085677","0,514686023",1,"0,475040258","0,439393939","0,138382841","0,55952381","0,528784648","0,426470588","0,161833007","0,559830704","0,416666667","0,511627907","0,469759735","0,481927711","0,46117288","0,475793383",1,"0,423188406","0,390909091","0,1350175","0,495238095","0,538166311","0,411764706","0,147755186","0,566217776","0,466666667","0,429457364","0,495995581","0,096173524","0,046513965","0,034532994",0,"0,04512306","0,032847702","0,009746768","0,055743023","0,045371211","0,029411765","0,022420402","0,130144923","0,045643546","0,064064972","0,029496082"
"0,462603878","0,568965517","0,833333333","0,542168675","0,586439939","0,588960162",1,"0,354267311","0,484848485","0,15489545","0,523809524","0,486140725","0,367647059","0,170605842","0,544824933","0,5","0,364341085","0,376691522","0,601204819","0,555831698","0,606785955",1,"0,411272142","0,445454545","0,147563493","0,544047619","0,41108742","0,438235294","0,186386624","0,580607926","0,5","0,379844961","0,361143331","0,07211953","0,094513392","0,045855243",0,"0,054162324","0,036489681","0,012635914","0,051480353","0,067584228","0,065271591","0,016544804","0,11064573","0,058925565","0,056168127","0,0537365"
"0,193905817","0,568965517","0,5","0,162650602","0,371920645","0,26873734",1,"0,731078905","0,196969697","0,185946334","0,148809524","0,84434968","0,220588235","0,274125297","0,3813005","0,333333333","0,813953488","0,597624965","0,204216867","0,326313495","0,310972316","0,8","0,752012882","0,148484848","0,195360316","0,197619048","0,765884861","0,191176471","0,260078439","0,355598307","0,283333333","0,680620155","0,691355979","0,101439415","0,052893513","0,054133406","0,447213595","0,039477136","0,047189126","0,015300309","0,081332267","0,05443159","0,077118298","0,022504074","0,099764846","0,074535599","0,086738609","0,110569779"
"0,404432133","0,41954023","0,25","0,641566265","0,617833006","0,687542201",1,"0,355877617","0,287878788","0,451269856","0,636904762","0,439232409","0,338235294","0,504438022","0,611388996","0,666666667","0,364341085","0,238470036","0,669879518","0,578330063","0,653376097",1,"0,374235105","0,324242424","0,454931347","0,616666667","0,42771855","0,332352941","0,476592012","0,615390535","0,6","0,365891473","0,371554819","0,086425316","0,086998261","0,073583296",0,"0,078646591","0,068265941","0,018298839","0,064604588","0,056404548","0,016767286","0,021376353","0,070035706","0,069721669","0,03852643","0,090661213"
"0,193905817","0,568965517","0,583333333","0,355421687","0,497492915","0,467927076",1,"0,752012882","0,333333333","0,110069102","0,25","0,652452026","0,338235294","0,216947053","0,185840708","0,333333333","0,496124031","0,548467274","0,363253012","0,361892304","0,358879136",1,"0,687922705","0,245454545","0,156699273","0,26547619","0,669509595","0,252941176","0,190195067","0,327356676","0,333333333","0,582945736","0,59326153","0,050067091","0,097447606","0,080254241",0,"0,058885258","0,06003519","0,026865786","0,070630462","0,064267236","0,072343376","0,026882707","0,145740879","0,058925565","0,086217443","0,035589721"
"0,515235457","0,413793103","0,166666667","0,602409639","0,676477","0,759621877",1,"0,346215781","0,454545455","0,29103473","0,708333333","0,379530917","0,5","0,311590463","0,622547134","0,666666667","0,379844961","0,420740127","0,71626506","0,64822324","0,683119514",1,"0,300805153","0,466666667","0,288593736","0,672619048","0,30575693","0,464705882","0,300041284","0,680954213","0,683333333","0,327131783","0,373184203","0,094517861","0,114659734","0,054118138",0,"0,053968077","0,058091786","0,022361126","0,067736945","0,057224745","0,044846914","0,016895877","0,088230192","0,069721669","0,095477949","0,105958774"
"0,146814404","0,333333333","0,25","0,331325301","0,493568781","0,366475354",1,"0,61352657","0,333333333","0,12065871","0,30952381","0,671641791","0,411764706","0,146815977","0,437860716","0,416666667","0,627906977","0,416459542","0,309638554","0,402528886","0,339905469",1,"0,5784219","0,318181818","0,107771695","0,354761905","0,661833689","0,341176471","0,155888121","0,394921124","0,35","0,592248062","0,511571389","0,14206845","0,097578545","0,046039433",0,"0,051635359","0,042854956","0,011075531","0,053339445","0,035409866","0,054431634","0,025968667","0,063639443","0,0372678","0,097686722","0,066421159"
"0,418282548","0,614942529","0,416666667","0,451807229","0,381948986","0,409182984",1,"0,508856683","0,303030303","0,148568608","0,488095238","0,631130064","0,338235294","0,175147074","0,423239708","0,5","0,550387597","0,45415631","0,507228916","0,403095705","0,433355841",1,"0,566505636","0,303030303","0,152544198","0,436904762","0,588486141","0,367647059","0,181453194","0,472951135","0,4","0,51627907","0,523971279","0,122989714","0,04910251","0,040403541",0,"0,044530128","0,037113481","0,016307235","0,038020761","0,113818141","0,042874646","0,023050431","0,045236621","0,069721669","0,056594457","0,069908164"
"0,185595568","0,620689655","0,75","0,394578313","0,314148681","0,316002701",1,"0,534621578","0,166666667","0,209997308","0,297619048","0,795309168","0,294117647","0,238672722","0,437475952","0,25","0,612403101","0,586302126","0,35060241","0,315936342","0,31076975","0,8","0,662479871","0,224242424","0,208956295","0,28452381","0,763752665","0,252941176","0,244266694","0,355290496","0,333333333","0,575193798","0,64733499","0,075138378","0,105683621","0,033348467","0,447213595","0,113304221","0,053995544","0,017825693","0,037504724","0,060877841","0,04580121","0,016750886","0,049182482","0,083333333","0,069205315","0,080736351"
"0,360110803","0,511494253","0,166666667","0,509036145","0,380422934","0,478055368",1,"0,590982287","0,318181818","0,225702235","0,5","0,592750533","0,308823529","0,254567035","0,462100808","0,5","0,596899225","0,547224524","0,439759036","0,364159581","0,4541526",1,"0,55136876","0,281818182","0,208785785","0,446428571","0,579530917","0,311764706","0,247982248","0,418930358","0,433333333","0,55503876","0,59400718","0,121531572","0,085947691","0,086036644",0,"0,07010474","0,050932534","0,013981652","0,033407655","0,062152695","0,057334084","0,010054791","0,056951088","0,108653373","0,111072044","0,057004819"
"0,307479224","0,82183908","0,666666667","0,319277108","0,128406366","0,276333558",1,"0,734299517","0,272727273","0,133088037","0,238095238","0,710021322","0,25","0,190576943","0,41092728","0,416666667","0,627906977","0,570560619","0,345180723","0,280444735","0,343652937",1,"0,68921095","0,233333333","0,164444046","0,301190476","0,691257996","0,285294118","0,193951904","0,368988072","0,383333333","0,575193798","0,617011875","0,0974294","0,103118843","0,078455898",0,"0,033950352","0,025353334","0,019037442","0,077105738","0,051336802","0,026714562","0,010434062","0,052719603","0,095014619","0,044666233","0,105640689"
"0,376731302","0,597701149","0,166666667","0,421686747","0,525833878","0,403443619",1,"0,417069243","0,303030303","0,186754016","0,410714286","0,575692964","0,279411765","0,204613479","0,428241631","0,333333333","0,503875969","0,423639878","0,465662651","0,458600392","0,432815665",1,"0,587761675","0,281818182","0,16373508","0,395238095","0,559914712","0,329411765","0,211755599","0,49611389","0,383333333","0,511627907","0,503755869","0,063951962","0,075475539","0,080856031",0,"0,107854442","0,034881407","0,015151297","0,039618003","0,065225689","0,061166572","0,019862449","0,063285446","0,045643546","0,035523843","0,066949193"
"0,24099723","0,706896552","0,583333333","0,277108434","0,510791367","0,355334234",1,"0,685990338","0,333333333","0,132594454","0,327380952","0,603411514","0,323529412","0,166167819","0,410542516","0,333333333","0,651162791","0,825324496","0,295180723","0,372400262","0,377683997",1,"0,584219002","0,275757576","0,151027551","0,364285714","0,671641791","0,285294118","0,196769532","0,394998076","0,383333333","0,582945736","0,644352389","0,10734054","0,082334014","0,093343182",0,"0,087783094","0,042043748","0,017660072","0,09573901","0,089679065","0,028667042","0,020231693","0,081395688","0,095014619","0,042951613","0,111934702"
"0,565096953","0,522988506","0,666666667","0,581325301","0,707216045","0,638419986",1,"0,317230274","0,424242424","0,418468994","0,708333333","0,319829424","0,382352941","0,425792135","0,721816083","0,583333333","0,248062016","0,247859707","0,678313253","0,657030739","0,72083052",1,"0,367793881","0,378787879","0,391492417","0,680952381","0,315565032","0,405882353","0,41807204","0,703655252","0,666666667","0,274418605","0,272355703","0,122635127","0,044034637","0,08639696",0,"0,055182063","0,037113481","0,01593195","0,061370173","0,065180368","0,044846914","0,01340281","0,079988409","0,058925565","0,108055453","0,028211389"
"0,44598338","0,344827586","0,75","0,475903614","0,496402878","0,613943282",1,"0,384863124","0,53030303","0,10634479","0,571428571","0,313432836","0,485294118","0,145629064","0,497883801","0,666666667","0,472868217","0,382491025","0,497590361","0,483802049","0,555064146",1,"0,410305958","0,445454545","0,102423046","0,53452381","0,412793177","0,461764706","0,13917845","0,509272797","0,566666667","0,468217054","0,421099144","0,112969878","0,114764018","0,064243657",0,"0,057560273","0,055256311","0,016350268","0,073313425","0,076649412","0,033855484","0,008931974","0,059373738","0,069721669","0,039754671","0,100203967"
"0,1966759","0,304597701","0,75","0,171686747","0,209723131","0,119513842",1,"0,818035427","0,136363636","0,184914296","0,208333333","0,814498934","0,117647059","0,250387037","0,209311274","0,25","0,666666667","0,525545429","0,268072289","0,276782211","0,218602296","0,8","0,807729469","0,13030303","0,190944988","0,151190476","0,800852878","0,161764706","0,25903602","0,28834167","0,233333333","0,724031008","0,714388291","0,072445864","0,091167327","0,109381057","0,447213595","0,03086163","0,04093714","0,020525864","0,073699034","0,019284297","0,042874646","0,011895498","0,064331814","0,069721669","0,048286547","0,107973522"
"0,27700831","0,32183908","0,416666667","0,36746988","0,43383475","0,39061445",1,"0,571658615","0,378787879","0,083729696","0,482142857","0,609808102","0,382352941","0,132160182","0,48749519","0,416666667","0,449612403","0,542391605","0,402409639","0,36913015","0,404794058",1,"0,617069243","0,303030303","0,099856412","0,371428571","0,600852878","0,317647059","0,132934255","0,446479415","0,383333333","0,562790698","0,588262911","0,060638747","0,091911444","0,060254469",0,"0,054100049","0,063383335","0,016220546","0,065150706","0,027734947","0,04719649","0,013400346","0,066521014","0,074535599","0,0821486","0,057499627"
"0,36565097","0,333333333","0,583333333","0,430722892","0,444081099","0,420324105",1,"0,447665056","0,318181818","0,21524724","0,428571429","0,503198294","0,205882353","0,2216431","0,547133513","0,416666667","0,426356589","0,534520851","0,446385542","0,426858513","0,441019581",1,"0,549758454","0,318181818","0,203715337","0,396428571","0,559061834","0,291176471","0,224450408","0,463101193","0,4","0,511627907","0,553106877","0,070458754","0,093636658","0,031009274",0,"0,073869001","0,023956649","0,022044126","0,086933296","0,078738399","0,054431634","0,017760661","0,048482933","0,0372678","0,050536453","0,070625213"
"0,587257618","0,344827586","0,75","0,686746988","0,595378243","0,769412559",1,"0,270531401","0,454545455","0,240195639","0,75","0,208955224","0,5","0,249922593","0,668718738","0,75","0,248062016","0,358326429","0,670481928","0,609635928","0,766846725",1,"0,223188406","0,478787879","0,250632684","0,703571429","0,219189765","0,458823529","0,26039839","0,699191997","0,666666667","0,237209302","0,326235846","0,058584144","0,068929069","0,04491564",0,"0,030374656","0,046205911","0,013706142","0,05637505","0,06810356","0,066907725","0,015894481","0,036227469","0,058925565","0,0821486","0,081805565"
"0,44598338","0,408045977","0,5","0,710843373","0,587529976","0,767049291",1,"0,209339775","0,454545455","0,165619672","0,732142857","0,28358209","0,602941176","0,135514501","0,684494036","0,75","0,372093023","0,31331124","0,653012048","0,542664051","0,673396354",1,"0,338164251","0,496969697","0,132791887","0,732142857","0,264392324","0,55","0,141356177","0,708041554","0,616666667","0,311627907","0,396078431","0,06763373","0,088056699","0,064922907",0,"0,080055045","0,068935231","0,019864135","0,059374814","0,041536801","0,043624697","0,012462047","0,043384011","0,111803399","0,066096353","0,075884374"
"0,199445983","0,362068966","0,666666667","0,481927711","0,515369523","0,416103984",1,"0,647342995","0,242424242","0,165888899","0,208333333","0,635394456","0,308823529","0,213850759","0,407849173","0,333333333","0,465116279","0,563242198","0,414457831","0,384783083","0,341762323",1,"0,725925926","0,251515152","0,166445302","0,319047619","0,675906183","0,264705882","0,211817525","0,352212389","0,383333333","0,586046512","0,660618614","0,066079972","0,094402999","0,07891556",0,"0,101291957","0,043651092","0,020116464","0,069747073","0,042962562","0,055024373","0,012011014","0,064998025","0,045643546","0,14425688","0,118588418"
"0,473684211","0,586206897","0,583333333","0,656626506","0,38500109","0,514517218",1,"0,421900161","0,393939394","0,129408597","0,446428571","0,466950959","0,5","0,158272268","0,593305117","0,583333333","0,372093023","0,427644297","0,465662651","0,476564203","0,489432816",1,"0,430595813","0,378787879","0,119375393","0,480952381","0,465245203","0,414705882","0,160635773","0,506117738","0,5","0,465116279","0,443164872","0,135435031","0,09562241","0,061102417",0,"0,073490666","0,03030303","0,011836208","0,033513543","0,04121817","0,088480053","0,015293236","0,111461107","0,102062073","0,068682346","0,071644304"
"0,091412742","0,58045977","0,083333333","0,412650602","0,259428821","0,522788656",1,"0,595813205","0,257575758","0,105447366","0,523809524","0,584221748","0,308823529","0,137578697","0,37668334","0,416666667","0,542635659","0,575117371","0,461445783","0,391802921","0,398818366",1,"0,538164251","0,287878788","0,123503545","0,396428571","0,597441365","0,344117647","0,154040665","0,386302424","0,4","0,55503876","0,475310688","0,086551193","0,112618122","0,103817982",0,"0,041029635","0,037113481","0,012110226","0,071873614","0,068784397","0,042367236","0,010761326","0,033718972","0,091287093","0,068155363","0,096206949"
"0,301939058","0,431034483","0,833333333","0,560240964","0,332461304","0,381161377",1,"0,611916264","0,227272727","0,236920039","0,398809524","0,603411514","0,367647059","0,24873568","0,481338977","0,5","0,620155039","0,489091411","0,508433735","0,346893394","0,403443619",1,"0,592592593","0,248484848","0,201292291","0,341666667","0,608955224","0,323529412","0,236804624","0,443555214","0,383333333","0,545736434","0,573432753","0,072770735","0,066328088","0,0404322",0,"0,032306607","0,02297841","0,021519458","0,04846715","0,044460253","0,056955637","0,011339785","0,072760676","0,111803399","0,095666578","0,063086845"
"0,152354571","0,390804598","0,916666667","0,292168675","0,289731851","0,155806887",1,"0,731078905","0,212121212","0,15821592","0,327380952","0,737739872","0,205882353","0,24254309","0,409388226","0,416666667","0,581395349","0,505799503","0,28253012","0,322563767","0,252802161",1,"0,717230274","0,212121212","0,170295253","0,266666667","0,736886994","0,241176471","0,217927547","0,358214698","0,35","0,657364341","0,663656448","0,11333069","0,136798878","0,061735817",0,"0,077123401","0,038628936","0,014795444","0,052972846","0,070436738","0,042367236","0,022946146","0,11573993","0,069721669","0,055468353","0,097697857"
"0,185595568","0,620689655","0,916666667","0,512048193","0,493350774","0,387744767",1,"0,616747182","0,363636364","0,112267791","0,321428571","0,639658849","0,441176471","0,143719682","0,327818392","0,5","0,511627907","0,723418945","0,51686747","0,377894048","0,448446995",1,"0,568760064","0,381818182","0,093753926","0,441666667","0,549680171","0,382352941","0,121271545","0,4762601","0,433333333","0,520930233","0,590582712","0,107732842","0,111499507","0,053755881",0,"0,040648665","0,019755159","0,014397775","0,081114159","0,078536053","0,038908108","0,022461598","0,088680403","0,069721669","0,087600329","0,108305503"
"0,487534626","0,557471264","0,25","0,512048193","0,390233268","0,425050641",1,"0,536231884","0,272727273","0,160863322","0,303571429","0,592750533","0,352941176","0,159046341","0,510196229","0,583333333","0,527131783","0,470588235","0,506024096","0,398473948","0,432714382",1,"0,561996779","0,3","0,140545634","0,357142857","0,547121535","0,364705882","0,170812261","0,433012697","0,483333333","0,530232558","0,525573046","0,072006223","0,064544812","0,060064722",0,"0,043313938","0,052921967","0,018750678","0,055039411","0,040863694","0,019174125","0,00772455","0,06300998","0,108653373","0,065456843","0,053072765"
"0,40166205","0,436781609","0,75","0,674698795","0,364944408","0,617825793",1,"0,396135266","0,439393939","0,295521852","0,68452381","0,560767591","0,308823529","0,291670967","0,552904963","0,416666667","0,356589147","0,340651754","0,588554217","0,505341182","0,633085753",1,"0,447342995","0,403030303","0,278910527","0,66547619","0,407675906","0,352941176","0,292455362","0,557291266","0,55","0,387596899","0,332753383","0,12007839","0,150111916","0,081935904",0,"0,081199987","0,039510318","0,015304553","0,060468691","0,11240537","0,040273717","0,011114685","0,056123116","0,095014619","0,074957673","0,074475319"
"0,645429363","0,482758621","0,583333333","0,593373494","0,741443209","0,632849426",1,"0,381642512","0,454545455","0,136408508","0,69047619","0,484008529","0,485294118","0,122664878","0,713736052","0,583333333","0,457364341","0,494338581","0,637349398","0,578635274","0,598784605",1,"0,347826087","0,475757576","0,125800951","0,661904762","0,301492537","0,505882353","0,137908969","0,628549442","0,533333333","0,365891473","0,31355979","0,071233507","0,113001298","0,056779617",0,"0,051818335","0,039510318","0,012588381","0,023585253","0,111941314","0,048328461","0,018185281","0,08745503","0,045643546","0,088283649","0,128335519"
"0,412742382","0,442528736","0,166666667","0,84939759","0,567255287","0,53713707",1,"0,165861514","0,5","0,123485596","0,672619048","0,315565032","0,455882353","0,118433275","0,598307041","0,5","0,302325581","0,31331124","0,592771084","0,552169174","0,646049966",1,"0,298550725","0,478787879","0,118495917","0,69047619","0,334328358","0,505882353","0,121766952","0,613851481","0,616666667","0,317829457","0,365202983","0,156936093","0,085590804","0,067612553",0,"0,087607156","0,031418851","0,011120569","0,05206207","0,07934234","0,044846914","0,011893875","0,06167902","0,111803399","0,045532326","0,076484271"
"0,673130194","0,390804598","0,25","0,545180723","0,606060606","0,5729237",1,"0,484702093","0,378787879","0,238221305","0,488095238","0,420042644","0,382352941","0,287387759","0,606771835","0,333333333","0,434108527","0,414526374","0,559036145","0,516328755","0,598176907",1,"0,399677939","0,354545455","0,25643902","0,526190476","0,435394456","0,388235294","0,279708948","0,63224317","0,5","0,413953488","0,423860812","0,155195034","0,063041773","0,040938677",0,"0,078850749","0,073136475","0,019150787","0,02614986","0,049556936","0,036911472","0,008499268","0,062082616","0,102062073","0,066141795","0,069741114"
"0,36565097","0,545977011","0,583333333","0,469879518","0,402441683","0,653106009",1,"0,471819646","0,409090909","0,132325227","0,571428571","0,411513859","0,367647059","0,172463619","0,737976145","0,416666667","0,379844961","0,551090859","0,472289157","0,510747765","0,552532073",1,"0,444766506","0,390909091","0,163079961","0,503571429","0,475479744","0,382352941","0,175725049","0,572758753","0,466666667","0,429457364","0,425628279","0,034037477","0,120743283","0,071295468",0,"0,043973443","0,039218725","0,02256185","0,051308005","0,076283769","0,038908108","0,011597703","0,110917543","0,045643546","0,119163198","0,130768503"
"0,243767313","0,505747126","0,833333333","0,228915663","0,331589274","0,276164754",1,"0,582930757","0,272727273","0,136453379","0,339285714","0,695095949","0,323529412","0,181649293","0,402077722","0,5","0,620155039","0,623584645","0,336746988","0,314323087","0,352160702","0,8","0,58099839","0,275757576","0,129049628","0,344047619","0,646055437","0,25","0,169873052","0,39338207","0,416666667","0,615503876","0,619524993","0,164334766","0,06815607","0,071771591","0,447213595","0,047352306","0,027103854","0,012433255","0,033513543","0,067829312","0,046504083","0,017991637","0,032432836","0,083333333","0,05790651","0,068583789"
"0,265927978","0,465517241","0,75","0,328313253","0,432526706","0,264854828",1,"0,666666667","0,196969697","0,182536121","0,172619048","0,769722814","0,191176471","0,249251729","0,331281262","0,25","0,635658915","0,782104391","0,320481928","0,384913887","0,297265361",1,"0,720128824","0,193939394","0,216162613","0,244047619","0,771428571","0,232352941","0,253761998","0,338745671","0,333333333","0,682170543","0,662054681","0,039765881","0,134044832","0,068080489",0,"0,058852222","0,016597653","0,02153114","0,073022882","0,049211716","0,056383204","0,019554401","0,072719565","0,083333333","0,04809951","0,100457388"
"0,368421053","0,574712644","0,416666667","0,415662651","0,259864835","0,483963538",1,"0,676328502","0,242424242","0,245131473","0,31547619","0,616204691","0,264705882","0,286613686","0,481338977","0,583333333","0,364341085","0,553852527","0,380722892","0,347024199","0,352599595",1,"0,658615137","0,221212121","0,2551916","0,317857143","0,646481876","0,252941176","0,27531221","0,388149288","0,466666667","0,514728682","0,642308754","0,083868101","0,086487747","0,082995052",0,"0,064603179","0,027524094","0,018505432","0,055615755","0,046234745","0,019174125","0,022801723","0,072341346","0,111803399","0,125906365","0,075335703"
"0,332409972","0,597701149","0,583333333","0,442771084","0,620667103","0,56076975",1,"0,578099839","0,348484848","0,182222023","0,482142857","0,60554371","0,308823529","0,23970482","0,379376683","0,5","0,480620155","0,644297155","0,462048193","0,491345106","0,497873059",1,"0,546859903","0,324242424","0,188234766","0,454761905","0,569722814","0,347058824","0,216947053","0,517814544","0,5","0,48372093","0,571251036","0,075108186","0,094266768","0,0812877",0,"0,025704438","0,02297841","0,01190978","0,069492614","0,069474922","0,022302575","0,016600387","0,083402464","0,058925565","0,028270671","0,081977361"
"0,265927978","0,770114943","0,5","0,237951807","0,30499237","0,265530047",1,"0,789049919","0,166666667","0,203849951","0,244047619","0,667377399","0,205882353","0,26029518","0,290111581","0,25","0,627906977","0,642502071","0,34939759","0,291388707","0,291019581",1,"0,728180354","0,157575758","0,206542224","0,204761905","0,69978678","0,211764706","0,270812261","0,285571374","0,25","0,662015504","0,690831262","0,089402543","0,041458568","0,046318405",0,"0,078554217","0,027524094","0,018124863","0,042425071","0,075435762","0,030494767","0,0248543","0,062021779","0,058925565","0,060693269","0,108407476"
"0,545706371","0,574712644","0,75","0,524096386","0,666666667","0,721471978",1,"0,423510467","0,242424242","0,598133357","0,56547619","0,507462687","0,25","0,59190835","0,636398615","0,666666667","0,434108527","0,402236951","0,606024096","0,565511227","0,600135044",1,"0,523993559","0,245454545","0,560971013","0,478571429","0,506183369","0,252941176","0,595303953","0,55136591","0,583333333","0,387596899","0,459541563","0,052878391","0,075459858","0,118402105",0,"0,060858062","0,049561901","0,025482081","0,055296306","0,050492998","0,05240744","0,019120731","0,058491626","0,058925565","0,037578914","0,059505936"
